1790910008	4216	SUMMON	Killuminati	
1790910244	4216	SUMMON	Killuminati	
1790910289	4216	SUMMON	Killuminati	
1790910291	4216	Q	Killuminati	is agustus wearing the sword of justice right now?
1790910294	4216	OFFTOPIC	Killuminati	
1790910349	4216	Q	Killuminati	is Crown Prince Augustus Starfire wearing the sword of justice?
1790910354	4216	OFFTOPIC	Killuminati	
1790912141	4216	SUMMON	Killuminati	
1790912182	4216	Q	Killuminati	is there a better item for me than what i'm wearing on my body?
1790912187	4216	A	Killuminati	Yes; Divine Breast Plate (level 51) from Crane in Azeroth is better than your Hero's Tunic.
1790914115	2401	SUMMON	Killuminati	
1790914140	2401	Q	Killuminati	how are psionics determined?
1790914143	2401	A	Killuminati	Psionics are granted randomly at remort 2, 3, and 4—one power from each of the four disciplines per remort—and all 17 powers unlock at remort 5.
1790914167	2401	Q	Killuminati	what are the perks for remorting?
1790914175	2401	A	Killuminati	Remort resets you to level 3 but lets you rebuild as a new class/guild, keeps all your equipment, and unlocks psionics (four random powers per remort 2-4, all seventeen by remort 5); each life also raises the level cap by one until the final remort at level 59.
1790973201	2401	SUMMON	Killuminati	
1790973304	8	Q	Killuminati	what mob has the most powerful weapon in the game and what is it?
1790973309	8	A	Killuminati	The brilliant white light in the Abandoned Cathedral carries the Power of the world, the highest-level weapon obtainable at level 54.
1790973367	8	DONE	Killuminati	done
1790978486	2497	SUMMON	Alaric	
1790978533	8	Q	Alaric	What is a better replacement for my platinum arm bands, that would be within my ability to obtain?
1790978539	8	A	Alaric	Bronze arm plates (level 51) from a deranged madman in Haze Battleground would be a significant upgrade over your level 22 platinum arm bands.
1790978568	8	Q	Alaric	ydone
1790978570	8	DONE	Alaric	done
